n,m,r,Optimal ObjVal,TCF Runtime,TCF Cuts,Block Runtime,Block Cuts
28,40,5,14,1.61366,729,0.92564,270
28,40,10,8,7.84147,1909,4.85017,834
28,40,15,5,1.78608,1534,2.35923,1003
